id;title;content;date
1;fairy assay;../fake-data/blob/hipster.txt;2024-06-22T12:26:37
2;yellowish;../fake-data/blob/hipster.txt;2024-06-23T05:49:03
3;unfit;../fake-data/blob/hipster.txt;2024-06-22T10:54:16
4;fight foolishly;../fake-data/blob/hipster.txt;2024-06-22T12:25:48
5;glum;../fake-data/blob/hipster.txt;2024-06-22T12:20:40
6;wrong misinform;../fake-data/blob/hipster.txt;2024-06-22T18:20:43
7;knowledgeably picnic;../fake-data/blob/hipster.txt;2024-06-22T14:03:39
8;brr whisk accurate;../fake-data/blob/hipster.txt;2024-06-22T11:02:35
9;boar;../fake-data/blob/hipster.txt;2024-06-22T22:46:56
10;balloon joshingly;../fake-data/blob/hipster.txt;2024-06-22T09:19:45
